Workbook

Sheet README
A1: Dataset: e-Portal for Case Management Hearing (Pre-Trial Conference) — Indian Courts
A2: Total: 125 records across 5 categories (matches your recommended distribution).
A4: IMPORTANT — Data Type column = 'Synthetic'. These records are generated for prototyping the portal, testing workflows and ML pipelines.
A5: They are NOT real court cases. Do not present them as real judgments or cite them as such in the paper.
A6: Case IDs are SYN-xxx placeholders; party names are fictional.
A8: How to use for the paper:
A9: 1. Use 'Case_Dataset' to build/test the portal (case listing, CMH scheduling, ADR referral, priority tracks).
A10: 2. Collect real cases from the sources in 'Real_Case_Sources' (Indian Kanoon, eCourts, NJDG, MP High Court) and fill 'Real_Cases_Template'.
A11: 3. In the paper, state clearly: synthetic data for system testing; real data for evaluation (train/test 80/20).
A13: Columns in blue = generated inputs; 'Days: Filing to CMH' is a formula.

Sheet Case_Dataset
A1: Case ID | B1: Category | C1: Statute / Provision | D1: Court | E1: Filing Date | F1: Plaintiff / Complainant | G1: Plaintiff Type | H1: Defendant / Accused | I1: Defendant Type | J1: Claim Value (INR) | K1: Current Stage | L1: CMH Date | M1: Days: Filing to CMH | N1: Issues Framed at CMH | O1: Adjournments Before CMH | P1: ADR Referred at CMH | Q1: ADR Mode | R1: Hearing Mode | S1: Priority Track | T1: Case Status | U1: Data Type
A2: SYN-COM-001 | B2: Commercial Disputes | C2: Commercial Courts Act, 2015 / Order XV-A CPC | D2: District Court, Indore | E2: 45581 | F2: M/s Gateway Finance (Synthetic) | G2: LLP | H2: M/s Sunrise Enterprises (Synthetic) | I2: Individual | J2: 1738000 | K2: Summons issued | L2: 45639 | M2: =L2-E2 -> 58 | N2: 2 | O2: 1 | P2: Yes | Q2: Mediation | R2: Physical | S2: Fast Track | T2: Pending | U2: Synthetic
A3: SYN-COM-002 | B3: Commercial Disputes | C3: Commercial Courts Act, 2015 / Order XV-A CPC | D3: District Court, Bhopal | E3: 45444 | F3: M/s Malwa Motors (Synthetic) | G3: LLP | H3: M/s Vindhya Traders (Synthetic) | I3: Partnership Firm | J3: 1814000 | K3: Arguments | L3: 45628 | M3: =L3-E3 -> 184 | N3: 8 | O3: 5 | P3: Yes | Q3: Arbitration | R3: Virtual | S3: Slow Track | T3: Pending | U3: Synthetic
A4: SYN-COM-003 | B4: Commercial Disputes | C4: Commercial Courts Act, 2015 / Order XV-A CPC | D4: MP High Court, Indore Bench | E4: 45147 | F4: M/s Heritage Textiles (Synthetic) | G4: LLP | H4: M/s Vindhya Traders (Synthetic) | I4: Public Ltd Company | J4: 17161000 | K4: Issues framed | L4: 45372 | M4: =L4-E4 -> 225 | N4: 3 | O4: 0 | P4: Yes | Q4: Lok Adalat | R4: Physical | S4: Fast Track | T4: Disposed | U4: Synthetic
A5: SYN-COM-004 | B5: Commercial Disputes | C5: Commercial Courts Act, 2015 / Order XV-A CPC | D5: Commercial Court, Indore | E5: 45227 | F5: M/s Pioneer Industries (Synthetic) | G5: Private Ltd Company | H5: M/s Gateway Infra (Synthetic) | I5: Proprietorship | J5: 31117000 | K5: Summons issued | L5: 45417 | M5: =L5-E5 -> 190 | N5: 5 | O5: 4 | P5: No | Q5: N/A | R5: Physical | S5: Fast Track | T5: Pending | U5: Synthetic
A6: SYN-COM-005 | B6: Commercial Disputes | C6: Commercial Courts Act, 2015 / Order XV-A CPC | D6: MP High Court, Indore Bench | E6: 45211 | F6: M/s Malwa Builders (Synthetic) | G6: Proprietorship | H6: M/s Pioneer Builders (Synthetic) | I6: Public Ltd Company | J6: 31966000 | K6: Summons issued | L6: 45357 | M6: =L6-E6 -> 146 | N6: 4 | O6: 2 | P6: Yes | Q6: Negotiation | R6: Hybrid | S6: Fast Track | T6: Pending | U6: Synthetic
A7: SYN-COM-006 | B7: Commercial Disputes | C7: Commercial Courts Act, 2015 / Order XV-A CPC | D7: District Court, Ujjain | E7: 45094 | F7: M/s Omkar Infra (Synthetic) | G7: Public Ltd Company | H7: M/s Shree Traders (Synthetic) | I7: Partnership Firm | J7: 19283000 | K7: Summons issued | L7: 45242 | M7: =L7-E7 -> 148 | N7: 7 | O7: 5 | P7: No | Q7: N/A | R7: Virtual | S7: Fast Track | T7: Pending | U7: Synthetic
A8: SYN-COM-007 | B8: Commercial Disputes | C8: Commercial Courts Act, 2015 / Order XV-A CPC | D8: MP High Court, Indore Bench | E8: 44994 | F8: M/s Malwa Builders (Synthetic) | G8: Individual | H8: M/s Apex Builders (Synthetic) | I8: Individual | J8: 45700000 | K8: Written statement filed | L8: 45078 | M8: =L8-E8 -> 84 | N8: 6 | O8: 5 | P8: No | Q8: N/A | R8: Physical | S8: Fast Track | T8: Pending | U8: Synthetic
A9: SYN-COM-008 | B9: Commercial Disputes | C9: Commercial Courts Act, 2015 / Order XV-A CPC | D9: District Court, Bhopal | E9: 45501 | F9: M/s Shree Infra (Synthetic) | G9: Partnership Firm | H9: M/s Omkar Motors (Synthetic) | I9: Private Ltd Company | J9: 13506000 | K9: Summons issued | L9: 45668 | M9: =L9-E9 -> 167 | N9: 3 | O9: 4 | P9: No | Q9: N/A | R9: Physical | S9: Fast Track | T9: Settled via ADR | U9: Synthetic
A10: SYN-COM-009 | B10: Commercial Disputes | C10: Commercial Courts Act, 2015 / Order XV-A CPC | D10: District Court, Bhopal | E10: 45090 | F10: M/s Surya Motors (Synthetic) | G10: LLP | H10: M/s Vindhya Agro (Synthetic) | I10: Private Ltd Company | J10: 34184000 | K10: Arguments | L10: 45322 | M10: =L10-E10 -> 232 | N10: 3 | O10: 3 | P10: No | Q10: N/A | R10: Hybrid | S10: Fast Track | T10: Disposed | U10: Synthetic
A11: SYN-COM-010 | B11: Commercial Disputes | C11: Commercial Courts Act, 2015 / Order XV-A CPC | D11: Commercial Court, Indore | E11: 45200 | F11: M/s Kisan Traders (Synthetic) | G11: Public Ltd Company | H11: M/s Orbit Finance (Synthetic) | I11: Proprietorship | J11: 32228000 | K11: Evidence stage | L11: 45426 | M11: =L11-E11 -> 226 | N11: 4 | O11: 3 | P11: Yes | Q11: Negotiation | R11: Physical | S11: Fast Track | T11: Settled via ADR | U11: Synthetic
A12: SYN-COM-011 | B12: Commercial Disputes | C12: Commercial Courts Act, 2015 / Order XV-A CPC | D12: District Court, Gwalior | E12: 45232 | F12: M/s Narmada Agro (Synthetic) | G12: LLP | H12: M/s Orbit Traders (Synthetic) | I12: LLP | J12: 25629000 | K12: Case Management Hearing | L12: 45425 | M12: =L12-E12 -> 193 | N12: 9 | O12: 2 | P12: Yes | Q12: Mediation | R12: Physical | S12: Fast Track | T12: Pending | U12: Synthetic
A13: SYN-COM-012 | B13: Commercial Disputes | C13: Commercial Courts Act, 2015 / Order XV-A CPC | D13: District Court, Bhopal | E13: 45241 | F13: M/s Heritage Industries (Synthetic) | G13: LLP | H13: M/s Ganga Logistics (Synthetic) | I13: Partnership Firm | J13: 3367000 | K13: Arguments | L13: 45332 | M13: =L13-E13 -> 91 | N13: 9 | O13: 0 | P13: No | Q13: N/A | R13: Hybrid | S13: Fast Track | T13: Pending | U13: Synthetic
... A126: SYN-CIV-015 | B126: Civil Suits | C126: Specific Relief Act, 1963 / CPC | D126: District Court, Ujjain | E126: 45267 | F126: M/s Narmada Builders (Synthetic) | G126: Individual | H126: M/s Pioneer Motors (Synthetic) | I126: Public Ltd Company | J126: 856000 | K126: Summons issued | L126: 45331 | M126: =L126-E126 -> 64 | N126: 4 | O126: 6 | P126: No | Q126: N/A | R126: Physical | S126: Slow Track | T126: Settled via ADR | U126: Synthetic

Sheet Summary
A1: Category | B1: Target Count | C1: Actual Count | D1: Avg Claim Value (INR) | E1: Avg Days Filing to CMH | F1: ADR Referred (%)
A2: Commercial Disputes | B2: 30 | C2: =COUNTIF(Case_Dataset!B:B,A2) -> 30 | D2: =AVERAGEIF(Case_Dataset!B:B,A2,Case_Dataset!J:J) -> 23722000 | E2: =AVERAGEIF(Case_Dataset!B:B,A2,Case_Dataset!M:M) -> 128.46667 | F2: =COUNTIFS(Case_Dataset!B:B,A2,Case_Dataset!P:P,"Yes")/C2 -> 0.53333333
A3: Cheque Bounce | B3: 30 | C3: =COUNTIF(Case_Dataset!B:B,A3) -> 30 | D3: =AVERAGEIF(Case_Dataset!B:B,A3,Case_Dataset!J:J) -> 1270200 | E3: =AVERAGEIF(Case_Dataset!B:B,A3,Case_Dataset!M:M) -> 84 | F3: =COUNTIFS(Case_Dataset!B:B,A3,Case_Dataset!P:P,"Yes")/C3 -> 0.4
A4: Arbitration | B4: 25 | C4: =COUNTIF(Case_Dataset!B:B,A4) -> 25 | D4: =AVERAGEIF(Case_Dataset!B:B,A4,Case_Dataset!J:J) -> 16571560 | E4: =AVERAGEIF(Case_Dataset!B:B,A4,Case_Dataset!M:M) -> 147 | F4: =COUNTIFS(Case_Dataset!B:B,A4,Case_Dataset!P:P,"Yes")/C4 -> 0.44
A5: Contract Breach | B5: 25 | C5: =COUNTIF(Case_Dataset!B:B,A5) -> 25 | D5: =AVERAGEIF(Case_Dataset!B:B,A5,Case_Dataset!J:J) -> 4043040 | E5: =AVERAGEIF(Case_Dataset!B:B,A5,Case_Dataset!M:M) -> 117.08 | F5: =COUNTIFS(Case_Dataset!B:B,A5,Case_Dataset!P:P,"Yes")/C5 -> 0.24
A6: Civil Suits | B6: 15 | C6: =COUNTIF(Case_Dataset!B:B,A6) -> 15 | D6: =AVERAGEIF(Case_Dataset!B:B,A6,Case_Dataset!J:J) -> 7406000 | E6: =AVERAGEIF(Case_Dataset!B:B,A6,Case_Dataset!M:M) -> 124.26667 | F6: =COUNTIFS(Case_Dataset!B:B,A6,Case_Dataset!P:P,"Yes")/C6 -> 0.13333333
A7: TOTAL | B7: =SUM(B2:B6) -> 125 | C7: =SUM(C2:C6) -> 125 | D7: =AVERAGE(Case_Dataset!J2:J126) -> 11009768 | E7: =AVERAGE(Case_Dataset!M2:M126) -> 118.72 | F7: =COUNTIF(Case_Dataset!P:P,"Yes")/C7 -> 0.376

Sheet Real_Case_Sources
A1: Category | B1: Target Real Cases | C1: Primary Statute | D1: Search Query (Indian Kanoon / eCourts) | E1: Where to Search
A2: Commercial Disputes | B2: 30 | C2: Commercial Courts Act, 2015 / Order XV-A CPC | D2: "Order XV-A" commercial suit delay | E2: indiankanoon.org; services.ecourts.gov.in; mphc.gov.in; sci.gov.in
A3: Cheque Bounce | B3: 30 | C3: Sections 138 & 141, Negotiable Instruments Act, 1881 | D3: "Section 138" "Negotiable Instruments" Indore | E3: indiankanoon.org; services.ecourts.gov.in; mphc.gov.in; sci.gov.in
A4: Arbitration | B4: 25 | C4: Arbitration & Conciliation Act, 1996 (Sec 9, 34) | D4: "Section 34" "Arbitration" commercial division | E4: indiankanoon.org; services.ecourts.gov.in; mphc.gov.in; sci.gov.in
A5: Contract Breach | B5: 25 | C5: Indian Contract Act, 1872 | D5: "breach of contract" "liquidated damages" | E5: indiankanoon.org; services.ecourts.gov.in; mphc.gov.in; sci.gov.in
A6: Civil Suits | B6: 15 | C6: Specific Relief Act, 1963 / CPC | D6: "specific performance" "commercial property" | E6: indiankanoon.org; services.ecourts.gov.in; mphc.gov.in; sci.gov.in
A8: Bulk datasets (optional)
A9: Development Data Lab – Judicial Data (80M+ cases, 2010–2022, CSV) | D9: devdatalab.org/judicial-data
A10: Hugging Face – ILDC corpus (~34k judgments) | D10: huggingface.co/datasets/ildc
A11: Kaggle – Indian Court Cases | D11: kaggle.com (search 'Indian Court Cases')

Sheet Real_Cases_Template
A1: Case No. (real) | B1: Category | C1: Court | D1: Filing Year | E1: Parties | F1: Statute / Section | G1: Stage / Outcome | H1: CMH / Pre-trial Directions | I1: Source URL | J1: Collected On
A2: EXAMPLE: CS (COMM) 123/2022 | B2: Commercial Disputes | C2: MP High Court, Indore | D2: 2022 | E2: A v. B | F2: Order XV-A CPC | G2: Disposed | H2: Issues framed; ADR referred | I2: indiankanoon.org/doc/XXXXX | J2: 26-Oct-2026
